ENDPOINT,METHOD,FRONTEND_CALLER,BACKEND_ROUTE,BACKEND_FILE,BACKEND_LINE,LIVE_IMPLEMENTATION,DEMO_INTERCEPTION,MOCK_FALLBACK,EXPECTED_RESPONSE,ACTUAL_RESPONSE_LIVE,ACTUAL_RESPONSE_MOCK,STATUS,ISSUES
/api/v1/system/status,GET,liveApi.ts:711,app.get /api/v1/system/status,server.py,329-344,YES,NO,YES (silent catch returns DISCONNECTED),Health JSON with status/version/audit_chain_valid,{status:ONLINE system_mode audit_chain_valid:true},"{status:DISCONNECTED repealed_acts_cited:null}",OK,"Graceful degradation is correct here; offline status returned rather than mock data"
/api/v1/health,GET,liveApi.ts:718,app.get /api/v1/health,server.py,330,YES,NO,NO (no catch),Health JSON,{status:ONLINE ...},N/A — no fallback for health,OK,Same handler as /system/status
/api/v1/auth/login,POST,liveApi.ts:77-97,app.post /api/v1/auth/login,server.py,351-405,YES,NO,NO (throws on failure),JWT access token + user claims,{access_token... role... jurisdiction_id},N/A — no mock for auth,OK — INSECURE,"Credentials inspector_rajesh/Officer@2026 hardcoded in frontend (P0-SEC-001). No rate limiting visible."
/api/v1/auth/me,GET,Not called directly (via get_current_user dependency),app.get /api/v1/auth/me,server.py,408-417,YES,NO,NO,Current user profile,{id role name jurisdiction_id},N/A,OK,Not directly called from frontend service layer
/api/v1/inspections,POST,api.ts:152-176 → liveApi.ts,app.post /api/v1/inspections,server.py,419-481,YES,NO,YES (503/NetworkError → MOCK silently),Created InspectionCase,New case with real ID,Mock case with insp_offline_XXXX ID,RISKY,"P0-INT-001: Silent MOCK promotion on failure. Creates mock case without notifying officer."
/api/v1/inspections,GET,api.ts:123-145 → liveApi.ts,app.get /api/v1/inspections,server.py,1240-1282,YES,NO,YES (NetworkError → MOCK silently),{total items[]},[real inspection summaries],[GOLDEN_SKU mock summaries],RISKY,P0-INT-001: Silent mock fallback returns synthetic inspection list
/api/v1/inspections/{id},GET,api.ts:196-267 → liveApi.ts,app.get /api/v1/inspections/{id},server.py,1284-1442,YES,YES (isDemoId check routes to DemoFixtureService or mockData),YES (LIVE mode tries live then falls to mock),InspectionCase,Real case from PostgreSQL,Golden SKU fixture case,RISKY,"P0-INT-001 + P1-FE-003: isDemoId matches ins-2026-*; pipeline artifact cache may override backend data"
/api/v1/inspections/upload,POST,api.ts:234-279 → liveApi.ts,app.post /api/v1/inspections/upload,server.py,483-632,YES,NO,YES (NetworkError → MOCK silently),{image_id raw_sha256 quality_gate},Real upload with SHA-256 hash,Mock EvidenceAsset with fake SHA-256,RISKY,"P0-INT-001: Silent fallback. If mock upload used, all subsequent pipeline on mock imageId."
/api/v1/pipeline/execute/{imageId},POST,api.ts:281-300 → liveApi.ts,app.post /api/v1/pipeline/execute/{image_id},server.py,742-1238,CONDITIONAL (fixture match first),YES (if is_explicit_demo + fixture match),YES (NetworkError → MOCK silently),InspectionCase with pipeline outputs,Fixture data if demo SKU name matches OR real pipeline if unknown SKU,"Mock pipeline results (simulated extraction/rules); no real image analysis","BROKEN — FIXTURE-BIASED","P0-MOCK-001: Fixture bypass for demo SKUs. P0-MOCK-002: PYTEST_CURRENT_TEST bypass. P0-INT-001: Network fallback."
/api/v1/inspections/{id}/adjudicate,PATCH,api.ts:306-328 → liveApi.ts,app.patch /api/v1/inspections/{id}/adjudicate,server.py,1518-1563,YES,YES (INS-2026-* → mock),NO (throws on failure),OfficerDecision,Real officer decision persisted to DB,Mock OfficerDecision from MockApiService,RISKY,"P1-FE-003: INS-2026-* intercepted to mock. liveApi.ts:594 hardcodes officer_id in response."
/api/v1/inspections/{id}/findings/{fId}/adjudicate,PATCH (or client-side),api.ts:331-350 → liveApi.ts,NOT FOUND in server.py (no finding-level adjudication route),server.py,N/A,NO — does not exist,YES (INS-2026-* → mock),NOT APPLICABLE (never reaches live),FindingAdjudication persisted to DB,NEVER CALLED — liveApi.ts returns fabricated local object,Mock FindingAdjudication object,BROKEN,"P0-MOCK-003: submitFindingAdjudication in LiveApiService has no HTTP call — returns hardcoded officer data locally. Evidence never persisted."
/api/v1/inspections/{id}/case-readiness,GET,api.ts:374-392 → liveApi.ts,NOT IN server.py (client-side computation),liveApi.ts,651-653,NO — computed locally,YES (INS-2026-* → mock),NOT APPLICABLE,CaseReadinessChecklist,Local computation using computeCaseReadiness() from mockData.ts,Mock computeCaseReadiness(),RISKY,"P1-FE-001: LiveApiService imports computeCaseReadiness from mockData.ts — all case readiness uses mock data logic even in LIVE mode."
/api/v1/inspections/{id}/audit-trail,GET,api.ts:353-371 → liveApi.ts,app.get /api/v1/inspections/{id}/audit-trail,server.py,1686-1728,YES,YES (INS-2026-* → mock),YES (404 → empty list silently),AuditEvent[],Real audit events or empty list if 404,Mock audit event timeline,RISKY,"P1-API-002: 404 returns silent empty list. P1-FE-003: INS-2026-* goes to mock."
/api/v1/inspections/{id}/close,POST,api.ts:419-429 → liveApi.ts,MISSING IN server.py,server.py,N/A — route not present,NO — route missing,YES (INS-2026-* → mock),YES (404 → fallback to PATCH adjudicate with CLOSE_INSPECTION_COMPLIANT),InspectionCase with closed status,Workaround: PATCH /adjudicate with wrong action_order,Mock close simulation,BROKEN,"P1-API-001: Route does not exist. Workaround substitutes adjudicate for close — different legal action."
/api/v1/inspections/{id}/generate-notice,POST,api.ts:447-456 → liveApi.ts,app.post /api/v1/notices/generate,server.py,1730-1876,YES,YES (INS-2026-* → mock),NO (throws on failure),LegalNoticeResult with PDF path,Real Form-1 PDF generated,Mock LegalNoticeResult with fake PDF path,RISKY,"P1-FE-003: INS-2026-* goes to mock. Real notice generation unverified for live flow."
/api/v1/notices/{id}/pdf,GET,api.ts:467-480 → liveApi.ts,app.get /api/v1/notices/{id}/pdf,server.py,1878-1903,YES,NO,NO,PDF file download,Real PDF file from storage,N/A,OK — route exists,Unverified whether actual Form-1 PDF content is correct
/api/v1/inspections/{id}/evidence-dossier,GET,EvidenceDossier.tsx (inferred),app.get /api/v1/inspections/{id}/evidence-dossier,server.py,1444-1516,YES,NO,NO,Evidence bundle with all assets,Real evidence dossier from DB,N/A,OK — route exists,Unverified for real live inspections
/api/v1/audit/chain-verify,GET,liveApi.ts:731-749,app.get /api/v1/audit/chain-verify,server.py,1940-1956,YES,NO,YES (any error → chain_intact:false),{chain_intact total_audit_records},Real chain verification,"P2-API-001: Error returns {chain_intact:false} indistinguishable from actual failure",RISKY,P2-API-001 — silent failure masking
/api/v1/dashboard/summary,GET,api.ts:111-121 → liveApi.ts,app.get /api/v1/dashboard/summary,server.py,1905-1938,YES,YES (DEMO_FIXTURE → mock),YES (LIVE failure → mock silently),DashboardSummary,Real statistics from live DB,Mock MOCK_DASHBOARD_SUMMARY (synthetic counts),RISKY,P0-INT-001: Silent mock fallback on live failure

LEGEND
LIVE_IMPLEMENTATION: YES = actual HTTP call to backend implemented; CONDITIONAL = depends on import success; NO = not implemented
DEMO_INTERCEPTION: YES = isDemoId() or mode routing intercepts before live call; NO = always goes live
MOCK_FALLBACK: YES = catch block silently falls to MockApiService; NO = throws error
STATUS: OK=works correctly; RISKY=works but with dangerous silent fallbacks; BROKEN=does not work correctly; CONDITIONAL=depends on environment
