ID,SEVERITY,CATEGORY,TITLE,LOCATION,REPRODUCIBILITY,EXPECTED,ACTUAL,ROOT_CAUSE_STATUS,IMPACT,EVIDENCE,DEPENDENCY,RECOMMENDED_FIX_ORDER,STATUS
P0-INT-001,P0,INTEGRATION,Silent MOCK promotion on any network error,"api.ts:152-176, 261, 291, 322, 434",ALWAYS (Render cold start triggers 503),Officer notified and stays in LIVE mode,Any 503/NetworkError silently sets operatingMode to MOCK and continues with synthetic data,"RESOLVED (2026-09-12 22:50 IST): setOperatingMode gained {persist} option; ALL automatic failover transitions in api.ts are now in-memory only ({persist:false}). In-session per-request Mode B failover retained by design (resilience), header badge shows active mode. Regression test api_adapter.test.ts #7.",Critical — officer sees mock data as real inspection results,api.ts:171 console.warn buried; no UI indicator,Render cold start latency,1,RESOLVED
P0-INT-002,P0,INTEGRATION,Demo SKU viewing switches future real inspections to MOCK,api.ts:153-156,CONDITION-DEPENDENT (view demo then new inspection),New inspection should use LIVE backend,createInspection() in DEMO_FIXTURE mode switches to MOCK with persist:false — but subsequent calls may still use MOCK if mode promotion happened,RESOLVED (2026-09-12): same persist:false change; DEMO_FIXTURE->MOCK transition no longer persists; after refresh adapter returns to LIVE and retries live backend first.,New inspections created after demo viewed may use mock data,api.ts:153-156 setOperatingMode MOCK,P0-INT-001,2,RESOLVED
P0-SEC-001,P0,SECURITY,Hardcoded credentials in production JavaScript bundle,liveApi.ts:77-89,ALWAYS,Credentials managed via secure vault/env,username=inspector_rajesh / controller_south and password=Officer@2026 embedded in plaintext JS,CONFIRMED — OPEN FOR TEAM LEAD DECISION: seeded demo credentials auto-login is a demo convenience; proper remediation (env-based secrets / real IdP) may change demo UX and needs Team Lead approval before deadline.,Credential exposure to any user inspecting bundle; shared password for all officers,liveApi.ts:89 password: Officer@2026,,1,OPEN
P0-MOCK-001,P0,MOCK,Backend pipeline route fuzzy-matches product name to return fixture data,server.py:762-845,CONDITION-DEPENDENT (demo SKU name match + is_explicit_demo),Real CV/OCR output from uploaded image,Fixture JSON matched by product_name/brand/inspection_number; is_explicit_demo also triggers on PYTEST_CURRENT_TEST,"PARTIALLY REFUTED (2026-09-12 live SKU-swap test): case named after demo fixture product + REAL photo produced image-driven FAIL verdict and real OCR — fixtures CANNOT engage for PHYSICAL_FIELD inspections (is_explicit_demo gate, server.py:766-784). Demo-mode fixture return is Tier-3 by design.",Demo SKU inspections never analyze actual image content — return pre-canned fixture values,server.py:762-778 fixture matching loop,B-004 adapter conditional loading,2,PARTIALLY RESOLVED
P0-MOCK-002,P0,MOCK,All pytest pipeline runs bypass real image processing,server.py:785,ALWAYS during pytest,Tests validate real CV/OCR output,PYTEST_CURRENT_TEST env var sets is_explicit_demo=True forcing fixture data return,"CONFIRMED as documented tradeoff (BUG-05, FINAL_ROOT_CAUSE_FIX_LOG.md): headless synthetic test bytes cannot decode in cv2; real-CV coverage exists via live E2E validation runs (2026-09-12) — strengthening test fixtures recommended post-deadline.",Test suite provides zero coverage of actual image processing correctness,server.py:785 os.environ.get(PYTEST_CURRENT_TEST),,1,KNOWN LIMITATION
P0-MOCK-003,P0,MOCK,submitFindingAdjudication in LIVE mode never calls backend,liveApi.ts:624-633,ALWAYS,Per-finding officer decisions persisted to backend database,Function returns fabricated local object with hardcoded officer_id=INSP-DL-0842 and officer_name=Rajesh Sharma — no fetch() call,RESOLVED (2026-09-12): liveApi.submitFindingAdjudication no longer fabricates a persisted-looking response; throws FINDING_ADJUDICATION_NOT_AVAILABLE_ON_LIVE_BACKEND (501) truthfully because backend has no per-finding endpoint (contract change needs Decision-Change Process). api.ts no longer silently converts the failure into a mock success.,All per-finding adjudications in live mode are completely synthetic and never persisted,liveApi.ts:608-633 — no HTTP call in function body,,1,RESOLVED
P0-MOCK-004,P0,MOCK,Operating mode persisted to localStorage — MOCK survives session restart,api.ts:47-54,CONDITION-DEPENDENT (after P0-INT-001 triggers),Fresh session starts in LIVE mode,nyayadrishti_operating_mode key in localStorage stores degraded MOCK mode; next browser session reads it,CONFIRMED,Field officer starting new shift in new browser session inherits previous session's MOCK degradation,api.ts:47-48 localStorage.getItem,P0-INT-001,1,OPEN
P0-DB-001,P0,DATABASE,All 268 Mode B inspections have synced_to_central = 0,legal_metrology_mode_b.db (inspections table),CONFIRMED,Mode B records periodically synced to central PostgreSQL,Every single record in SQLite has synced_to_central=0 — sync mechanism has never run successfully,"CONFIRMED as designed Mode B behaviour: offline-first local SQLite is the documented Mode B contract (SYSTEM_MODES_AND_CONNECTIVITY.md); sync bridge to central PostgreSQL is Mode A integration scope (sync_bridge.py exists), not a data-integrity defect.",All offline inspection data stranded in local SQLite — central system has incomplete records,DB query: SELECT COUNT(*) FROM inspections WHERE synced_to_central=0 = 268,,3,DOCUMENTED LIMITATION
P0-EV-001,P0,EVIDENCE,BSA cert raw_images_merkle_root equals evidence_bundle_sha256 — not independent,bsa_certificates table in legal_metrology_mode_b.db,CONFIRMED,Two independent hash values proving separate cryptographic layers,DB query shows identical values for raw_images_merkle_root and evidence_bundle_sha256 in all 5 sampled certs,"RESOLVED (2026-09-12 22:45 IST): generate_legal_notice no longer aliases evidence_bundle_sha256=merkle_root; independent SHA-256 bundle digest computed over {inspection_id, real image SHA-256s, merkle root, leaf hashes}. Fabricated 7-node stage payloads (empty-string RAW_IMAGE sha, hardcoded tokens=42, net_qty 150g) replaced by DAG nodes built from the inspection's REAL evidence_images/bounding_boxes/calibration rows. Fabricated fallback violation removed (409 truthful refusal). Duplicate-certificate 409 guard added. Regression tests: members/member-05-evidence/tests/test_notice_evidence_truth.py (3 passed). Live-verified.",Section 63 BSA 2023 chain-of-custody integrity is not demonstrated — two allegedly distinct evidence layers share the same hash,DB query: merkle_root=evidence_bundle_sha256 in all 5 sampled rows,,2,RESOLVED
P1-API-001,P1,API,/close route missing on backend,server.py (absent from all route grep),ALWAYS,POST /api/v1/inspections/{id}/close implemented,No @app.post with /close found in server.py; liveApi.ts:666-674 workaround calls PATCH /adjudicate with action_order CLOSE_INSPECTION_COMPLIANT,"REFUTED (2026-09-12): POST /api/v1/inspections/{inspection_id}/close EXISTS (server.py:1641) and works live (200, case sealed COMPLETED). liveApi.ts calls POST /close directly; the PATCH-adjudicate branch is a dead 404 fallback. Likely authored against a stale running server (restarted 2026-09-12).",Incorrect legal action recorded; close and adjudicate are distinct statutory actions,liveApi.ts:666-674 workaround code,,4,REFUTED
P1-API-002,P1,API,getAuditTrail silently returns empty list on 404,liveApi.ts:636-648,ALWAYS in dev environment,Audit trail shows officer actions,404 response returns empty array — officer sees blank audit trail without knowing it failed,CONFIRMED,Officer cannot verify chain-of-custody; evidence trail appears empty,liveApi.ts:639-641 Known dev gap comment,,3,OPEN
P1-API-003,P1,API,Render free-tier cold start causes 30-60s timeout and triggers mock fallback,server.py:170-185 keepalive task,ALWAYS after 15min idle,Backend responds within HTTP timeout,Cold start exceeds fetch timeout → network error → P0-INT-001 triggers MOCK fallback,CONFIRMED,Demo reliability risk; first API call after idle always fails to live backend,server.py:177 keepalive every 10 min prevents but does not eliminate cold start,,3,OPEN
P1-SEC-001,P1,SECURITY,CORS wildcard with allow_credentials=True is browser-rejected per spec,server.py:201-207,ALWAYS (cross-origin requests),Explicit origin whitelist with credentials,allow_origins=* with allow_credentials=True violates CORS spec — browsers reject cross-origin credentialed requests,CONFIRMED,Cross-origin authenticated requests may fail; actual frontend-backend communication reliability depends on whether same-origin or cross-origin,server.py:203 allow_origins=[*] with allow_credentials=True,,4,OPEN
P1-DB-001,P1,DATABASE,compliance_evaluations schema mismatches frontend InspectionCase type,DB schema vs ui-combined/src/types/inspection.ts,ALWAYS,DB fields map cleanly to frontend types,DB: rule_legal_citation vs frontend: statutory_reference; DB: penalty_provision vs frontend: legal_consequence; DB lacks evidence_box/field_type/finding_id,CONFIRMED,Real compliance evaluations from live backend cannot be correctly displayed without transformation layer,compliance_evaluations PRAGMA schema vs mockData.ts fields,,3,OPEN
P1-FE-001,P1,FRONTEND,submitFindingAdjudication returns hardcoded officer data (see P0-MOCK-003),liveApi.ts:624-633,ALWAYS,Officer's authenticated identity used,Hardcoded officer_id: INSP-DL-0842 and officer_name: Rajesh Sharma — not from JWT claims,RESOLVED with P0-MOCK-003: hardcoded officer identity fabrication removed from live adapter.,All per-finding adjudications attribute decisions to wrong hardcoded officer,liveApi.ts:627-631,,1,RESOLVED
P1-FE-002,P1,FRONTEND,REAL-PKG-01 to REAL-PKG-08 image paths hardcoded in frontend,liveApi.ts:377-398,CONDITION-DEPENDENT (file path contains real-pkg-XX),Image URL comes from backend response,Hardcoded /storage/uploads/REAL-PKG-0X_barcode.jpg paths override backend-provided URLs,CONFIRMED,If files don't exist at hardcoded paths in deployment — broken images; if backend has different path — ignored,liveApi.ts:377-398,,2,OPEN
P1-FE-003,P1,FRONTEND,isDemoId() matches ins-2026-* prefix which could hit real inspection IDs,api.ts:190,CONDITION-DEPENDENT,Only unambiguous demo IDs intercepted,Any ID starting with ins-2026- (lowercase) routes to mock for adjudication/audit/closure even in LIVE mode,CONFIRMED,Real inspections with IDs matching pattern would have mock adjudication results,api.ts:190 lower.startsWith(ins-2026-),,2,OPEN
P2-API-001,P2,API,verifyAuditChain error returns chain_intact:false indistinguishable from actual failure,liveApi.ts:731-749,CONDITION-DEPENDENT,Error surfaced as network error to UI,Network errors return {chain_intact:false total_audit_records:0} — same as genuine chain failure,CONFIRMED,Officers cannot distinguish temporary network issue from actual Merkle chain corruption,liveApi.ts:740-748 catch block,,3,OPEN
P2-DB-001,P2,DATABASE,workflow_status not in inspections schema — approximated from overall_status,liveApi.ts:221-222,ALWAYS,Separate workflow_status state machine tracked,Mapping: overall_status===PENDING_REVIEW ? PENDING_REVIEW : COMPLETED — loses REVIEW/UNABLE_TO_VERIFY states,CONFIRMED,Inspection list may show wrong workflow state for reviews and unverifiable images,liveApi.ts:221-222,,3,OPEN
P2-BE-001,P2,BACKEND,Pipeline adapters fail silently — no startup warning when degraded,server.py:140-150,CONDITION-DEPENDENT (adapter import fails),Startup log warns of degraded mode,CentralPipelineAdapter=None and LegalMetrologyRuleEngine=None set silently on ImportError; server starts normally,CONFIRMED,System appears healthy but pipeline is running on fixtures; operator cannot detect degradation,server.py:142-150 except ImportError: ... = None,,2,OPEN
P2-BE-002,P2,BACKEND,VITE_API_BASE_URL fallback to /api/v1 fails on cross-origin deployments,liveApi.ts:39,ALWAYS on separate Vercel+Render deployment,Build fails or env var enforced if not set,liveApi.ts falls back to /api/v1 relative path — fails when frontend on different origin than backend,CONFIRMED,Frontend deployed to Vercel cannot reach backend on Render without correct env var,liveApi.ts:39 || /api/v1,,4,OPEN
P2-DOC-001,P2,DOCUMENTATION,FINAL_END_TO_END_SYSTEM_AUDIT.md falsely claims 100% VERIFIED PRODUCTION READY,FINAL_END_TO_END_SYSTEM_AUDIT.md:8,—,Document accurately reflects system state,File header: Final Status: 100% VERIFIED CRYPTOGRAPHICALLY SECURE PRODUCTION READY — contradicted by P0 findings,CONFIRMED,Misleading status assessment may prevent timely remediation of critical issues,FINAL_END_TO_END_SYSTEM_AUDIT.md line 8,,1,OPEN
P2-DOC-002,P2,DOCUMENTATION,HARDCODED_AND_FAKE_RESULT_AUDIT.md falsely claims all mocks neutralized,HARDCODED_AND_FAKE_RESULT_AUDIT.md,—,Document accurately reflects mock audit results,File claims all mock fallbacks neutralized — contradicted by P0-INT-001 P0-MOCK-001 through P0-MOCK-003,CONFIRMED,Creates false confidence that mock contamination was resolved,HARDCODED_AND_FAKE_RESULT_AUDIT.md line 2,,1,OPEN
P3-DOC-001,P3,DOCUMENTATION,LEGAL_RULE_VALIDATION_REPORT.md is empty (80 bytes),LEGAL_RULE_VALIDATION_REPORT.md,—,Legal rule validation documented,File contains no content — critical deliverable for statutory enforcement system,CONFIRMED,No documented evidence that legal rules were validated against actual LMPC Rules 2011 thresholds,File size 80 bytes,,5,OPEN
P3-DEPLOY-001,P3,DEPLOYMENT,Work on non-canonical branch kunal-testing-branch,Git branch,—,Work on feat/m1-cv-metrology or dev branch,Branch kunal-testing-branch does not appear in AGENTS.md approved branch list,CONFIRMED,Changes may not be integrated into main delivery branches per AGENTS.md Section 10,git branch --show-current,,5,OPEN
EU-001,UNVERIFIED,ACCESSIBILITY,Accessibility not tested at browser level,ui-combined,—,WCAG 2.1 AA compliance,No browser-level accessibility testing performed in this diagnostic pass,"PARTIAL (2026-09-12): desktop browser functional pass executed via Chrome+Playwright (login, dashboard, new-inspection upload, workspace, evidence dossier BUG-04/06/07 regressions verified live). Full WCAG audit matrix still open.",Unknown — may have a11y violations,—,,—,PARTIALLY VERIFIED
EU-002,UNVERIFIED,MOBILE,Mobile responsive behavior not tested at browser level,ui-combined,—,Responsive layout on mobile form factors,No browser-level mobile testing performed,"PARTIAL: desktop browser pass only; responsive matrix per REAL_OFFICER_WORKFLOW_AUDIT.md section 4 (prior session), not re-run in this pass.",Unknown,—,,—,PARTIALLY VERIFIED
EU-003,UNVERIFIED,AUTH,Login page flow and JWT refresh not fully traced,server.py + ui-combined,—,Proper login flow with JWT management,auth.py not fully inspected; login page existence and JWT refresh not verified,UNVERIFIED,Unknown — may have auth session management issues,—,,—,PENDING_INVESTIGATION
EU-004,UNVERIFIED,OCR,Actual OCR accuracy on real product images not tested,backend ONNX models,—,PP-OCRv4 correctly reads text from real Indian packaging,No direct OCR model execution on real images performed in this diagnostic pass,UNVERIFIED,Unknown — may have accuracy gaps for diverse Indian packaging styles,—,,—,PENDING_MODEL_TESTING
